title,content,date,url,source,label,text_length,word_count,has_urls,has_numbers,has_quotes
Waspada Iklan Perkhidmatan Lesen Memandu Percuma Yang Menyalahgunakan Nama dan Logo JPJ,"Menurut Jabatan Pengangkutan Jalan Malaysia (JPJ): JPJ mendapati terdapat beberapa akaun media sosial yang mengiklankan permohonan lesen memandu secara percuma dan tidak mengikut syarat-syarat ditetapkan serta tidak sah di sisi undang-undang. Orang ramai diingatkan agar tidak terpedaya, tidak berkongsi atau menyebarkan maklumat yang tidak sahih, serta tidak melibatkan diri dengan mana-mana urusan pemilikan lesen memandu [&#8230;]","Tue, 17 Jun 2025 13:21:00 +0000",https://sebenarnya.my/waspada-iklan-perkhidmatan-lesen-memandu-percuma-yang-menyalahgunakan-nama-dan-logo-jpj/,Sebenarnya.my,0,433,56,False,True,False
Penjelasan Berkenaan Peluasan SST,Menurut kenyataan Kementerian Kewangan (MOF): MOF ingin memberikan penjelasan berhubung laporan berita yang mempersoalkan pelaksanaan Cukai Jualan ke atas buah-buahan tempatan. Kekeliruan ini timbul susulan kemungkinan buah-buahan tropika termasuk dalam Perintah Warta Cukai Jualan PU(A) 170/2025 yang menyenaraikan barangan yang dikenakan Cukai Jualan sebanyak 5%. Di bawah peluasan Cukai Jualan dan Perkhidmatan (SST) yang akan [&#8230;],"Wed, 11 Jun 2025 10:31:00 +0000",https://sebenarnya.my/penjelasan-berkenaan-peluasan-sst/,Sebenarnya.my,0,439,56,False,True,False
Makluman: Harga Runcit Produk Petroleum Bagi Tempoh 12 Jun Hingga 18 Jun 2025,"Menurut kenyataan Media Kementerian Kewangan (MOF): Berdasarkan penetapan harga runcit produk petroleum secara mingguan menggunakan formula Automatic Pricing Mechanism, harga runcit produk petroleum bagi tempoh 12 Jun 2025 hingga 18 Jun 2025 adalah ditetapkan seperti berikut: (i) harga runcit petrol RON97 kekal pada paras RM3.07 seliter,(ii) harga runcit petrol RON95 kekal pada paras RM2.05 seliter;(iii) [&#8230;]","Wed, 11 Jun 2025 09:00:00 +0000",https://sebenarnya.my/makluman-harga-runcit-produk-petroleum-bagi-tempoh-12-jun-hingga-18-jun-2025/,Sebenarnya.my,0,417,56,False,True,False
Waspada Taktik Penipuan Yang Mempromosikan Produk Penjagaan Diabetes Menyalahgunakan Identiti YB Timbalan Menteri Kesihatan,"Menurut Kementerian Kesihatan Malaysia (KKM): KKM mengambil maklum penyebaran sebuah video yang menyalahgunakan identiti YB Timbalan Menteri Kesihatan untuk mempromosikan sebuah produk penjagaan diabetes di platform media sosial. KKM menafikan sekeras-kerasnya kesahihan video ini, yang disyaki dihasilkan menggunakan teknologi kecerdasan buatan (AI) yang kini mampu menghasilkan video dan kandungan audio-visual lain yang amat realistik. Orang [&#8230;]","Sun, 08 Jun 2025 14:12:00 +0000",https://sebenarnya.my/waspada-taktik-penipuan-yang-mempromosikan-produk-penjagaan-diabetes-menyalahgunakan-identiti-yb-timbalan-menteri-kesihatan/,Sebenarnya.my,0,454,56,False,True,False
Penjelasan Pengumpulan Data Telefon Bimbit (MPD),"Menurut Kenyataan Suruhanjaya Komunikasi dan Multimedia Malaysia (MCMC): Merujuk kepada laporan media berkaitan pengumpulan data telefon bimbit ( Mobile Phone Data, MPD ) daripada Penyedia Rangkaian Mudah Alih ( Mobile Network Operators, MNO ), Suruhanjaya Komunikasi dan Multimedia Malaysia (MCMC) ingin memberikan penjelasan berhubung perkara ini serta menegaskan bahawa tiada Maklumat Pengenalan Peribadi ( Personally [&#8230;]","Fri, 06 Jun 2025 13:51:00 +0000",https://sebenarnya.my/penjelasan-pengumpulan-data-telefon-bimbit-mpd/,Sebenarnya.my,0,430,56,False,True,False
Waspada Taktik Penipuan Jualan Anak Pokok Buah Ceri dan Tembikai Yang Menyalahgunakan Nama Serta Logo MARDI,"Menurut Insititut Penyelidikan dan Kemajuan Pertanian Malaysia (MARDI): Untuk makluman, laman media sosial tersebut tiada kaitan dengan MARDI. Ia merupakan laman palsu yang diwujudkan oleh pihak tidak bertanggungjawab. MARDI tidak pernah menjual anak pokok atau benih ceri dan tembikai seperti yang diiklankan di laman palsu tersebut. SUMBER: Facebook Rasmi MARDI","Fri, 06 Jun 2025 04:08:00 +0000",https://sebenarnya.my/waspada-taktik-penipuan-jualan-anak-pokok-buah-ceri-dan-tembikai-yang-menyalahgunakan-nama-serta-logo-mardi/,Sebenarnya.my,0,363,50,False,False,False
Waspada Angin Barat Kencang Dijangka Bertiup Memasuki Rantau Negara Pada 8 Hingga 12 Jun 2025,"Menurut Jabatan Meteorologi Malaysia (MET): Analisis terhadap model-model ramalan cuaca terkini menunjukkan angin barat kencang dijangka bertiup memasuki rantau negara pada 8 hingga 12 Jun 2025. Keadaan ini berpotensi menghasilkan ribut petir berserta hujan lebat dalam tempoh yang lebih panjang di utara Semenanjung serta angin kencang dan laut bergelora di perairan Phuket, Selat Melaka Utara [&#8230;]","Thu, 05 Jun 2025 05:42:00 +0000",https://sebenarnya.my/waspada-angin-barat-kencang-dijangka-bertiup-memasuki-rantau-negara-pada-8-hingga-12-jun-2025/,Sebenarnya.my,0,404,56,False,True,False
Makluman: Bekalan Ternakan Korban Dijangka Mencukupi Menjelang Sambutan Hari Raya Aidiladha Tahun 2025 (1446H),"Menurut Kenyataan Siaran Media Kementerian Pertanian Dan Keterjaminan Makanan (KPKM): KPKM menjangkakan bekalan ternakan untuk sambutan Hari Raya Aidiladha di seluruh Malaysia bagi tahun 2025 adalah mencukupi dan dapat memenuhi permintaan. Mengikut statistik daripada Jabatan Perkhidmatan Veterinar (DVS), stok bekalan lembu/kerbau tempatan sehingga Mac 2025 adalah 35,581 ekor manakala bekalan lembu/kerbau yang diimport sehingga Mac [&#8230;]","Tue, 03 Jun 2025 01:39:00 +0000",https://sebenarnya.my/makluman-bekalan-ternakan-korban-dijangka-mencukupi-menjelang-sambutan-hari-raya-aidiladha-tahun-2025-1446h/,Sebenarnya.my,0,444,56,False,True,False
Makluman: Kaedah Penentuan Awal Zulhijah Dan Aidiladha Di Malaysia 1446/2025M,Menurut Kenyataan Media Jabatan Kemajuan Islam Malaysia (JAKIM): Mesyuarat Majlis Raja-Raja Malaysia Kali ke-164 yang bersidang pada 3 Februari 1994 telah bersetuju bahawa kaedah penentuan Aidiladha di Malaysia adalah berpandukan rukyah dan hisab. Keputusan ini dibuat berdasarkan pandangan dan syor Jawatankuasa Fatwa Majlis Kebangsaan Bagi Hal Ehwal Ugama Islam Malaysia Kali ke-30. Kaedah ini kekal [&#8230;],"Mon, 26 May 2025 08:48:00 +0000",https://sebenarnya.my/makluman-kaedah-penentuan-awal-zulhijah-dan-aidiladha-di-malaysia-1446-2025m/,Sebenarnya.my,0,411,56,False,True,False
Waspada Taktik Penipuan Yang Menyalahgunakan Nama MARA Dengan Menawarkan Pembiayaan Usahawan Bhd,Menurut Majlis Amanah Rakyat (MARA): Pihak MARA ingin menegaskan bahawa MARA tidak pernah melantik pihak ketiga bagi mempromosi dan memproses sebarang kemudahan pembiayaan perniagaan MARA. SUMBER: Facebook Rasmi MARA X Rasmi MARA Instagram Rasmi MARA,"Mon, 26 May 2025 01:08:00 +0000",https://sebenarnya.my/waspada-taktik-penipuan-yang-menyalahgunakan-nama-mara-dengan-menawarkan-pembiayaan-usahawan-bhd/,Sebenarnya.my,0,250,35,False,False,False
Penjelasan Berkenaan Produk Makanan Ringan Berstatus Halal Yang Dilabel ‘Mengandungi Babi’,"Menurut Bahagian Pengurusan Halal, Jabatan Kemajuan Islam Malaysia (JAKIM): JAKIM mengambil perhatian mengenai penularan isu produk makanan ringan berstatus halal yang dilabel “mengandungi babi”. Hasil semakan mendapati bahawa paparan dalam kandungan video tersebut berlaku di luar negara. SUMBER: Facebook Rasmi Bahagian Hab Halal, JAKIM Instagram Rasmi JAKIM X Rasmi JAKM","Thu, 22 May 2025 08:05:00 +0000",https://sebenarnya.my/penjelasan-berkenaan-produk-makanan-ringan-berstatus-halal-yang-dilabel-mengandungi-babi/,Sebenarnya.my,0,373,50,False,False,False
Makluman: Harga Runcit Produk Petroleum Bagi Tempoh 22 Mei Hingga 28 Mei 2025,"Menurut kenyataan Media Kementerian Kewangan (MOF): Seiring dengan peningkatan harga pasaran minyak dunia, Kerajaan menetapkan harga runcit petrol RON97 pada RM3.10 seliter manakala harga runcit diesel di Semenanjung Malaysia pada RM2.80 seliter. Harga runcit diesel di Semenanjung Malaysia masih kekal rendah berbanding harga diapungkan pada 10 Jun 2024 iaitu sebanyak RM3.35 seliter. Kerajaan akan terus [&#8230;]","Wed, 21 May 2025 10:52:00 +0000",https://sebenarnya.my/makluman-harga-runcit-produk-petroleum-bagi-tempoh-22-mei-hingga-28-mei-2025/,Sebenarnya.my,0,415,56,False,True,False
Waspada Sindiket Penipuan Yang Menyalahgunakan Nama Dan Logo PDRM Tawar Khidmat Pulang Wang Ditipu,"Menurut Kenyataan Media Jabatan Siasatan Jenayah Komersil (JSJK) Polis Diraja Malaysia (PDRM): Pihak JSJK PDRM telah mengesan hantaran iklan di Facebook yang menawarkan perkhidmatan untuk mendapatkan semula wang yang ditipu. Iklan tersebut yang dipaparkan turut mengandungi logo PDRM serta perkataan “ Royal Malaysia Police, Commercial Crime Investigation Department (CCID)”. Adalah dimaklumkan, pihak JSJK PDRM tidak [&#8230;]","Sat, 17 May 2025 09:33:00 +0000",https://sebenarnya.my/waspada-sindiket-penipuan-yang-menyalahgunakan-nama-dan-logo-pdrm-tawar-khidmat-pulang-wang-ditipu/,Sebenarnya.my,0,427,56,False,True,False
Makluman: 71 Buah Sekolah Di Kuala Lumpur Dan Selangor Akan Melaksanakan PDPR Dari 26 – 28 Mei 2025 Sempena Sidang Kemuncak ASEAN ke-46,Menurut kenyataan media Kementerian Pendidikan (KPM): KPM telah mengenal pasti sebanyak 71 buah sekolah di Kuala Lumpur dan Selangor yang akan diberi kebenaran untuk melaksanakan Pengajaran dan Pembelajaran di Rumah (PDPR) pada 26 Mei hingga 28 Mei 2025 bersempena penganjuran Sidang Kemuncak ASEAN Ke-46. Cadangan kebenaran pelaksanaan PDPR bagi sekolah-sekolah terlibat mengambil kira penutupan jalan [&#8230;],"Sat, 17 May 2025 04:27:00 +0000",https://sebenarnya.my/makluman-71-buah-sekolah-di-kuala-lumpur-dan-selangor-akan-melaksanakan-pdpr-dari-26-28-mei-2025-sempena-sidang-kemuncak-asean-ke-46/,Sebenarnya.my,0,412,56,False,True,False
Waspada Produk Kosmetik Yang Mengandungi Racun Berjadual,"Menurut kenyataan media Kementerian Kesihatan Malaysia(KKM): KKM melalui Bahagian Regulatori Farmasi Negara (NPRA) menggesa orang awam untuk mengelak daripada membeli dan menggunakan produk kosmetik berikut kerana dikesan mengandungi racun berjadual seperti di bawah: Susulan daripada itu, notifikasi produk kosmetik terlibat telah dibatalkan oleh Pengarah Perkhidmatan Farmasi, KKM dan tidak lagi dibenarkan untuk dijual di Malaysia. [&#8230;]","Fri, 16 May 2025 08:13:00 +0000",https://sebenarnya.my/waspada-produk-kosmetik-yang-mengandungi-racun-berjadual-3/,Sebenarnya.my,0,444,56,False,True,False
Waspada Akaun Palsu Yang Menyalahgunakan Identiti (KDPB) Tengku Ampuan Pahang,Menurut Halaman Facebook Rasmi Istana Pahang (Kesultanan Pahang): Orang ramai diminta tidak terpedaya dengan kewujudan akaun TikTok palsu yang menggunakan nama Kebawah Duli Paduka Baginda (KDPB) Tengku Ampuan Pahang. Pihak Istana Pahang mengesan kewujudan akaun dengan nama &#8216;tunkujrpxfx4&#8217; yang menyamar sebagai Paduka Baginda dan membuat beberapa hantaran jelek. KDPB Tengku Ampuan Pahang Tunku Azizah Aminah [&#8230;],"Fri, 16 May 2025 06:48:00 +0000",https://sebenarnya.my/waspada-akaun-palsu-yang-menyalahgunakan-identiti-kdpb-tengku-ampuan-pahang/,Sebenarnya.my,0,430,56,False,True,False
Waspada Produk-Produk Kosmetik Yang Mengandungi Racun Berjadual,"Menurut kenyataan media Kementerian Kesihatan Malaysia(KKM): KKM melalui Bahagian Regulatori Farmasi Negara (NPRA) menggesa orang awam untuk mengelak daripada membeli dan menggunakan produk kosmetik berikut kerana dikesan mengandungi racun berjadual seperti di bawah: Susulan daripada itu, notifikasi produk kosmetik terlibat telah dibatalkan oleh Pengarah Perkhidmatan Farmasi, KKM dan tidak lagi dibenarkan untuk dijual di Malaysia.Orang [&#8230;]","Fri, 16 May 2025 06:39:00 +0000",https://sebenarnya.my/waspada-produk-produk-kosmetik-yang-mengandungi-racun-berjadual-4/,Sebenarnya.my,0,449,56,False,True,False
Makluman: Harga Runcit Produk Petroleum Bagi Tempoh 15 Mei Hingga 21 Mei 2025,"Menurut kenyataan Media Kementerian Kewangan (MOF): Seiring dengan perubahan harga pasaran minyak dunia, Kerajaan memutuskan untuk mengurangkan harga runcit RON97 sebanyak 3 sen kepada RM3.07 seliter dan harga runcit diesel di Semenanjung Malaysia sebanyak 3 sen kepada RM2.77 seliter bagi tempoh 15 Mei 2025 hingga 21 Mei 2025. Kerajaan akan terus memantau perkembangan pasaran dan [&#8230;]","Wed, 14 May 2025 09:13:00 +0000",https://sebenarnya.my/makluman-harga-runcit-produk-petroleum-bagi-tempoh-15-mei-hingga-21-mei-2025/,Sebenarnya.my,0,392,56,False,True,False
"Makluman: Harga Beras Putih Import (BPI) Diturunkan, Bekalan BPI Cukup Dan Terjamin","Menurut kenyataan siaran media Kementerian Pertanian dan Keterjaminan Makanan (KPKM): Pada 14 Mei 2025, KPKM mengumumkan pelarasan harga Beras Putih Import (BPI) di seluruh negara sebagai langkah proaktif untuk terus menjamin kestabilan bekalan serta mengurangkan tekanan kos sara hidup rakyat. Pelarasan ini adalah hasil sesi libat urus bersama Padiberas Nasional Berhad (BERNAS), dengan mengambil kira [&#8230;]","Wed, 14 May 2025 08:39:00 +0000",https://sebenarnya.my/makluman-harga-beras-putih-import-bpi-diturunkan-bekalan-bpi-cukup-dan-terjamin/,Sebenarnya.my,0,413,56,False,True,False
Makluman: Malaysia Masih Bebas Daripada Sebarang Wabak Penyakit Babi Yang Disebabkan Bakteria Streptococcus Suis,"Menurut kenyataan media Jabatan Perkhidmatan Veterinar (DVS): DVS telah menerima pelbagai reaksi terhadap laporan media tempatan Thailand tentang kes kematian manusia akibat jangkitan bakteria Streptococcus suis yang berpunca daripada ternakan babi di Thailand baru-baru ini. Penyakit tersebut atau streptococcosis yang juga dikenali sebagai deafness fever pada manusia, telah mencetuskan amaran kesihatan awam di negara Thailand. [&#8230;]","Tue, 13 May 2025 00:34:00 +0000",https://sebenarnya.my/makluman-malaysia-masih-bebas-daripada-sebarang-wabak-penyakit-babi-yang-disebabkan-bakteria-streptococcus-suis/,Sebenarnya.my,0,440,56,False,True,False
Waspada Sebaran Iklan Tawaran Pekerjaan Yang Menggunakan Nama dan Logo JPN Melalui Laman Sesawang dan Media Sosial,"Menurut Jabatan Pendaftaran Negara (JPN): Orang ramai dinasihatkan agar berwaspada terhadap sebarang iklan tawaran pekerjaan yang menggunakan nama JPN yang disebarkan melalui laman sesawang atau media sosial pihak ketiga. Untuk makluman, JPN tidak mempunyai sebarang pengambilan kakitangan baharu bagi tahun ini. Semua permohonan jawatan di JPN atau mana-mana agensi kerajaan hanya boleh dibuat melalui portal [&#8230;]","Wed, 07 May 2025 02:07:00 +0000",https://sebenarnya.my/waspada-sebaran-iklan-tawaran-pekerjaan-yang-menggunakan-nama-dan-logo-jpn-melalui-laman-sesawang-dan-media-sosial/,Sebenarnya.my,0,419,56,False,True,False
Waspada Sebaran Mesej Yang Mengandungi Pautan Palsu Berkaitan SARA 2025 Sebanyak RM200 Melalui Platform WhatsApp,Menurut Kementerin Kewangan (MOF): MOF menegaskan bahawa mesej Bantuan Sumbangan Asas Rahmah (SARA) 2025 RM200 yang tersebar melalui Whatsapp adalah palsu! SUMBER:Facebook Rasmi MOF Instagram Rasmi MOF X Rasmi MOF,"Tue, 06 May 2025 09:09:00 +0000",https://sebenarnya.my/waspada-sebaran-mesej-yang-mengandungi-pautan-palsu-berkaitan-sara-2025-sebanyak-rm200-melalui-platform-whatsapp/,Sebenarnya.my,0,213,30,False,True,False
Waspada Sebaran Mesej Yang Mengandungi Pautan Palsu Berkaitan Bantuan Subsidi E-Wallet Malaysia MADANI,Menurut Kementerian Kewangan (MOF): MOF menegaskan bahawa mesej Bantuan Subsidi E-Wallet Malaysia MADANI yang tersebar adalah palsu! SUMBER: Facebook Rasmi MOF Instagram Rasmi MOF X Rasmi MOF,"Tue, 06 May 2025 08:40:00 +0000",https://sebenarnya.my/waspada-sebaran-mesej-yang-mengandungi-pautan-palsu-berkaitan-bantuan-subsidi-e-wallet-malaysia-madani/,Sebenarnya.my,0,191,27,False,False,False
Waspada Taktik Penipuan Yang Meminta Maklumat Peribadi Melalui Kaedah Quishing Berkaitan STR dan SARA,Menurut Lembaga Hasil Dalam Negeri (HASiL): Waspada taktik penipuan melalui kaedah kod QR dan pautan pancingan data (quishing scam). Jangan Imbas Kod QR atau Klik Pautan Secara Sembarangan Periksa atau sahkan sumber maklumat sebelum mengimbas kod QR atau mengakses pautan yang mencurigakan. SUMBER:Facebook Rasmi LHDN Instagram Rasmi LHDN X Rasmi LHDN,"Mon, 05 May 2025 09:47:00 +0000",https://sebenarnya.my/waspada-taktik-penipuan-yang-meminta-maklumat-peribadi-melalui-kaedah-quishing-berkaitan-str-dan-sara/,Sebenarnya.my,0,351,51,False,False,False
Waspada Taktik Penipuan Yang Menawarkan Perkhidmatan Bekalan Dengan Menggunakan Nama Ahli Majlis dan Logo MARA,Menurut Majlis Amanah Rakyat (MARA): MARA tidak pernah melantik mana-mana pembekal tanpa menggunakan saluran rasmi MARA seperti emel rasmi dan sebagainya bagi tujuan pembekalan. Artikel terdahulu: SUMBER:Facebook Rasmi MARA Instagram Rasmi MARA X Rasmi MARA,"Sun, 04 May 2025 08:24:00 +0000",https://sebenarnya.my/waspada-taktik-penipuan-yang-menawarkan-perkhidmatan-bekalan-dengan-menggunakan-nama-ahli-majlis-dan-logo-mara/,Sebenarnya.my,0,257,35,False,False,False
Waspada Taktik Penipuan Yang Menawarkan Bantuan E-Wallet Sebanyak RM300 Melalui Mesej Yang Mengandungi Pautan Palsu,Menurut Kementerian Kewangan (MOF): Kementerian Kewangan menegaskan bahawa mesej Bantuan E-Wallet RM300 yang tersebar ADALAH PALSU! SUMBER: Facebook Rasmi MOF X Rasmi MOF Instagram Rasmi MOF,"Sun, 04 May 2025 02:35:00 +0000",https://sebenarnya.my/waspada-taktik-penipuan-yang-menawarkan-bantuan-e-wallet-sebanyak-rm300-melalui-mesej-yang-mengandungi-pautan-palsu/,Sebenarnya.my,0,190,26,False,True,False
Waspada Taktik Penipuan Yang Menyamar Sebagai Ketua Polis Negara Melalui Emel,"Menurut kenyataan media Jabatan Siasatan Jenayah Komersil (JSJK, PDRM): Polis Diraja Malaysia (PDRM) telah mengesan satu hantaran emel bertajuk &#8220;POLIS NEGARA MALAYSIA” yang mengarahkan penerima untuk segera memberikan respon kepada penghantar atau berdepan tindakan undang-undang. Emel tersebut dihantar melalui alamat bennett411 williams@gmail.com dan kandungannya direka seolah-olah dihantar oleh Ketua Polis Negara serta turut memaparkan gambar [&#8230;]","Wed, 30 Apr 2025 09:58:00 +0000",https://sebenarnya.my/waspada-taktik-penipuan-yang-menyamar-sebagai-ketua-polis-negara-melalui-emel/,Sebenarnya.my,0,463,56,False,True,False
Waspada Modus Operandi Penipuan Yang Menyalahgunakan Identiti KWSP Dengan Meminta Yuran Pengesahan Untuk Proses Permohonan Pengeluaran Dana,Menurut Kumpulan Wang Simpanan Pekerja (KWSP): Jangan terpedaya dengan mereka yang menyalahguna identiti KWSP. Taktik scammer baharu yang menggunakan identiti KWSP semakin berleluasa. Artikel terdahulu: SUMBER: Facebook Rasmi KWSP Instagram Rasmi KWSP X Rasmi KWSP,"Wed, 30 Apr 2025 08:15:00 +0000",https://sebenarnya.my/waspada-modus-operandi-penipuan-yang-menyalahgunakan-identiti-kwsp-dengan-meminta-yuran-pengesahan-untuk-proses-permohonan-pengeluaran-dana/,Sebenarnya.my,0,264,35,False,False,False
"Perbuatan Jenayah Hanya Kes Cubaan Samun di Sebuah Rumah Di Semabok, Melaka","Menurut Ketua Polis Melaka, Polis Diraja Malaysia (PDRM): Polis menafikan berlaku kejadian cubaan rogol dan mencederakan seorang suri rumah dengan mengelar leher mangsa menggunakan kunci di sebuah rumah di Taman Kasturi, Semabok, 24 April 2025, seperti mesej yang tular menerusi aplikasi WhatsApp. Penularan mesej itu telah menimbulkan kegusaran orang ramai khususnya dalam kalangan penduduk di [&#8230;]","Wed, 30 Apr 2025 08:07:00 +0000",https://sebenarnya.my/perbuatan-jenayah-hanya-kes-cubaan-samun-di-sebuah-rumah-di-semabok-melaka/,Sebenarnya.my,0,404,56,False,True,False
Video Pelaporan Berita Berkenaan Situasi ILI di Perak Merupakan Video Lama Pada Tahun 2017,Menurut Kementerian Kesihatan Malaysia (KKM): Paparan berita tersebut telah diulang siar dan merujuk kepada situasi Influenza-Like Illness (ILI) di Perak yang berlaku pada minggu tersebut. KKM ingin menegaskan bahawa situasi ini berlaku pada tahun 2017 dan tidak mencerminkan keadaan semasa. SUMBER: Facebook Rasmi KKM X Rasmi KKM Instagram Rasmi KKM,"Tue, 29 Apr 2025 08:21:00 +0000",https://sebenarnya.my/video-pelaporan-berita-berkenaan-situasi-ili-di-perak-merupakan-video-lama-pada-tahun-2017/,Sebenarnya.my,0,350,50,False,True,False
"Penjelasan Kluster ILI Dalam Kalangan Pelajar dan Kakitangan Sebuah Institusi Pendidikan Di Daerah Kuala Muda, Kedah","Menurut Kenyataan media Kementerian Kesihatan Malaysia (KKM): KKM ingin merujuk kepada laporan media berkenaan kejadian penyakit berjangkit yang melibatkan pelajar dan kakitangan sebuah institusi pendidikan di daerah Kuala Muda, Kedah. Pejabat Kesihatan Daerah (PKD) Kuala Muda, Kedah telah mengesan kluster Influenza-Like-llness (ILI) dalam kalangan pelajar institusi pendidikan berkenaan pada 23 April 2025 melibatkan 28 kes [&#8230;]","Mon, 28 Apr 2025 10:29:00 +0000",https://sebenarnya.my/penjelasan-kluster-ili-dalam-kalangan-pelajar-dan-kakitangan-sebuah-institusi-pendidikan-di-daerah-kuala-muda-kedah/,Sebenarnya.my,0,436,56,False,True,False
Penularan Gambar Individu Menyamar Sebagai Pegawai KDN Bagi Tujuan Pengesahan Kad Pengenalan Adalah Tidak Benar,"SEBENARNYA: Menurut kenyataan Kementerian Dalam Negeri (KDN): Kementerian Dalam Negeri (KDN) ingin memaklumkan bahawa gambar yang kembali tularmenerusi media sosial dan aplikasi WhatsApp, kononnya menunjukkan pegawai KDN membuat lawatan ke rumah bagi tujuan pengesahan kad pengenalan, adalah tidak benar. Individu berkenaan bukan pegawai KDN atau mana-mana agensi bawahnya. Penularan maklumat palsu ini merupakan fitnah berulang [&#8230;]","Mon, 28 Apr 2025 05:55:00 +0000",https://sebenarnya.my/penularan-gambar-individu-menyamar-sebagai-pegawai-kdn-bagi-tujuan-pengesahan-kad-pengenalan-adalah-tidak-benar/,Sebenarnya.my,0,438,56,False,True,False
Makluman: Harga Runcit Produk Petroleum Bagi Tempoh 24 April Hingga 30 April 2025,"Menurut kenyataan Media Kementerian Kewangan (MOF): Berdasarkan penetapan harga runcit produk petroleum secara mingguan menggunakan formula Automatic Pricing Mechanism, harga runcit produk petroleum bagi tempoh 24 April 2025 hingga 30 April 2025 adalah ditetapkan seperti berikut: (i) Harga runcit petrol RON97 kekal pada paras RM3.18 seliter; (ii) Harga runcit petrol RON95 kekal pada paras RM2.05 [&#8230;]","Wed, 23 Apr 2025 14:19:00 +0000",https://sebenarnya.my/makluman-harga-runcit-produk-petroleum-bagi-tempoh-24-april-hingga-30-april-2025/,Sebenarnya.my,0,408,56,False,True,False
"Sebaran Pengeluaran Khas Wang Simpanan KWSP Dari RM500 Hingga RM10,000 Mulai 15 April 2025 Adalah Tidak Benar",SEBENARNYA: Menurut Kumpulan Wang Simpanan Pekerja (KWSP): Jangan terpedaya dengan maklumat palsu di media sosial. Pastikan maklumat yang anda terima adalah sahih. Artikel terdahulu 18 Disember 2024 SUMBER: Facebook Rasmi KWSP Instagram Rasmi KWSP X Rasmi KWSP,"Fri, 18 Apr 2025 09:30:00 +0000",https://sebenarnya.my/sebaran-pengeluaran-khas-wang-simpanan-kwsp-dari-rm500-hingga-rm10000-mulai-15-april-2025-adalah-tidak-benar/,Sebenarnya.my,0,260,37,False,True,False
Makluman: Harga Runcit Produk Petroleum Bagi Tempoh 17 April Hingga 23 April 2025,"Menurut kenyataan Media Kementerian Kewangan (MOF): Seiring dengan perubahan harga pasaran minyak dunia, Kerajaan memutuskan untuk mengurangkan harga runcit RON97 sebanyak 10 sen kepada RM3.18 seliter dan harga runcit diesel di Semenanjung Malaysia sebanyak 10 sen kepada RM2.88 seliter bagi tempoh 17 April 2025 hingga 23 April 2025. Kerajaan akan terus memantau perkembangan pasaran dan [&#8230;]","Wed, 16 Apr 2025 09:17:00 +0000",https://sebenarnya.my/makluman-harga-runcit-produk-petroleum-bagi-tempoh-17-april-hingga-23-april-2025/,Sebenarnya.my,0,398,56,False,True,False
Penjelasan Kejadian Letupan Di Sebuah Stesen Minyak Berdekatan KLIA,Menurut Ketua Polis Kuala Lumpur: Polis menafikan dakwaan yang kononnya terdapat ancaman letupan di sebuah stesen minyak berdekatan Lapangan Terbang Antarabangsa Kuala Lumpur (KLIA) pada 15 April 2025. Ketua Polis Kuala Lumpur Datuk Rusdi Mohd Isa berkata pihaknya menerima makluman berhubung satu kejadian letupan membabitkan kereta jenis Proton Saga di lokasi berkenaan. Untuk makluman hasil [&#8230;],"Tue, 15 Apr 2025 13:59:00 +0000",https://sebenarnya.my/penjelasan-kejadian-letupan-di-sebuah-stesen-minyak-berdekatan-klia/,Sebenarnya.my,0,403,56,False,True,False
Waspada Taktik Penipuan Yang Menawarkan Bantuan Tunai RM300 Ke Dalam MyKad Melalui Pautan Palsu,"Menurut Jabatan Pendaftaran Negara (JPN): Jabatan Pendaftaran Negara (JPN) ingin memaklumkan kepada orang ramai tentang satu pautan yang tular di media sosial mengenai bantuan tunai RM300 yang kononnya dikreditkan ke dalam MyKad. Maklumat ini adalah PALSU! JPN tidak pernah mengeluarkan sebarang bantuan wang tunai. Untuk maklumat sahih berkenaan bantuan kewangan kerajaan, sila rujuk portal rasmi [&#8230;]","Tue, 15 Apr 2025 03:38:00 +0000",https://sebenarnya.my/waspada-taktik-penipuan-yang-menawarkan-bantuan-tunai-rm300-ke-dalam-mykad-melalui-pautan-palsu/,Sebenarnya.my,0,407,56,False,True,False
Makluman: Penutupan Jalan Raya Melibatkan 17 Laluan dan KLIA 2 Sempena Lawatan Presiden Republik Rakyat China Ke Malaysia Pada 15 Hingga 17 April 2025,"Menurut kenyataan Jabatan Siasatan dan Penguatkuasaan Trafik (JSPT): JSPT Polis Diraja Malaysia (PDRM) akan melaksanakan penutupan penutupan penuh / lencongan jalan sempena lawatan Tuan Yang Terutama Xi Jinping, Presiden Republik rakyat China ke Malaysia pada 15 hingga 17 April 2025. Sebanyak 17 laluan akan terlibat dengan penutupan penuh / lencongan jalan sepanjang lawatan Tuan Yang [&#8230;]","Sun, 13 Apr 2025 02:51:00 +0000",https://sebenarnya.my/makluman-penutupan-jalan-raya-melibatkan-17-laluan-dan-klia-2-sempena-lawatan-presiden-republik-rakyat-china-ke-malaysia-pada-15-hingga-17-april-2025/,Sebenarnya.my,0,396,56,False,True,False
Makluman: Harga Runcit Produk Petroleum Bagi Tempoh 10 April Hingga 16 April 2025,"Menurut kenyataan media Kementerian Kewangan (MOF): Seiring dengan perubahan harga pasaran minyak dunia, Kerajaan memutuskan untuk mengurangkan harga runcit RON97 sebanyak 5 sen kepada RM3.28 seliter dan harga runcit diesel di Semenanjung Malaysia sebanyak 5 sen kepada RM2.98 seliter bagi tempoh 10 April 2025 hingga 16 April 2025. Kerajaan akan terus memantau perkembangan pasaran dan [&#8230;]","Wed, 09 Apr 2025 09:00:00 +0000",https://sebenarnya.my/makluman-harga-runcit-produk-petroleum-bagi-tempoh-10-april-hingga-16-april-2025/,Sebenarnya.my,0,396,56,False,True,False
Tiada Individu Yang Terkorban Dalam Insiden Kebakaran Saluran Paip Gas Di Putra Heights,"SEBENARNYA: Menurut Ketua Polis Daerah Subang Jaya: Tiada individu yang terkorban dalam insiden kebakaran saluran paip gas di Putra Heights pada 2 April 2025, seperti yang ditularkan di media sosial. Beliau turut memaklumkan bahawa pihak polis tidak menerima laporan berkaitan kematian mana-mana individu dalam kejadian tersebut. SUMBER: Astro Awani Sinar Harian Berita Harian","Sun, 06 Apr 2025 07:07:00 +0000",https://sebenarnya.my/tiada-individu-yang-terkorban-dalam-insiden-kebakaran-saluran-paip-gas-di-putra-heights/,Sebenarnya.my,0,376,53,False,True,False
Waspada Terhadap Kewujudan Akaun Palsu Yang Menyamar Sebagai Wakil Perkhidmatan Pelanggan MAS Bagi Tujuan Penipuan,"Menurut kenyataan Malaysia Airlines (MAS): Baru-baru dilihat berlaku peningkatan kewujudan akaun-akaun palsu yang menyamar sebagai wakil perkhidmatan pelanggan syarikat tersebut, terutamanya melalui ruangan komen di media sosial. Akaun-akaun palsu berkenaan dipercayai akan cuba memperdayakan pengguna bagi tujuan untuk mendapatkan maklumat peribadi, butiran pembayaran, serta mengarahkan pengguna ke pautan yang mencurigakan. SUMBER: Facebook Rasmi MAS","Wed, 02 Apr 2025 10:51:00 +0000",https://sebenarnya.my/waspada-terhadap-kewujudan-akaun-palsu-yang-menyamar-sebagai-wakil-perkhidmatan-pelanggan-mas-bagi-tujuan-penipuan/,Sebenarnya.my,0,453,54,False,False,False
Waspada Halaman Facebook Palsu Yang Menyalahgunakan Nama & Logo MARDI,"Menurut Institut Penyelidikan dan Kemajuan Pertanian Malaysia (MARDI): Pihak MARDI Malaysia ingin menegaskan bahawa terdapat halaman media sosial palsu dan tidak mempunyai sebarang kaitan dengan MARDI. MARDI menasihatkan orang ramai agar tidak terpedaya dengan sebarang promosi, tawaran atau maklumat yang dikeluarkan oleh halaman tersebut. SUMBER: Facebook Rasmi MARDI","Wed, 02 Apr 2025 08:29:00 +0000",https://sebenarnya.my/waspada-halaman-facebook-palsu-yang-menyalahgunakan-nama-logo-mardi/,Sebenarnya.my,0,369,48,False,False,False
Makluman: Mangsa Insiden Kebakaran Saluran Paip Gas Di Putra Heights Telah Menerima Rawatan Yang Sewajarnya Dari KKM,"Menurut kenyataan Kementerian Kesihatan Malaysia (KKM): Mangsa insiden kebakaran melibatkan saluran paip gas di Putra Heights, Puchong, Selangor telah dilaporkan berlaku pada 1 April 2025, jam 8:10 pagi telah menerima rawatan yang sewajarnya dari KKM. Lapan (8) pasukan perubatan daripada pelbagai hospital di Lembah Klang telah diaktifkan oleh Pusat Koordinasi Kecemasan Perubatan (MECC) Putrajaya untuk [&#8230;]","Tue, 01 Apr 2025 13:52:00 +0000",https://sebenarnya.my/makluman-mangsa-insiden-kebakaran-saluran-paip-gas-di-putra-heights-telah-menerima-rawatan-yang-sewajarnya-dari-kkm/,Sebenarnya.my,0,414,56,False,True,False
Makluman: Operasi Penerbangan Di Lapangan Terbang Sultan Abdul Aziz Shah Tidak Terjejas Susulan Kebakaran Saluran Paip Gas Di Putra Heights,"Menurut Ketua Pegawai Eksekutif Pihak Berkuasa Penerbangan Awam Malaysia (CAAM), Datuk Kapten Norazman Mahmud: Operasi penerbangan di Lapangan Terbang Sultan Abdul Aziz Shah di Subang, kekal berjalan seperti biasa setakat ini walaupun berlaku kebakaran saluran paip gas di Jalan Putra Harmoni, Putra Heights, Subang Jaya, Selangor pada 1 April 2025 jam 8:10 pagi. Walau bagaimanapun, [&#8230;]","Tue, 01 Apr 2025 07:25:00 +0000",https://sebenarnya.my/makluman-operasi-penerbangan-di-lapangan-terbang-sultan-abdul-aziz-shah-tidak-terjejas-susulan-kebakaran-saluran-paip-gas-di-putra-heights/,Sebenarnya.my,0,393,56,False,True,False
Penjelasan Berkenaan Insiden Kebakaran Stesen Minyak Di Putra Heights,"Menurut kenyataan media Petroliam Nasional Berhad (PETRONAS): PETRONAS mengesahkan bahawa kebakaran telah berlaku di saluran paip utama PETRONAS Gas Berhad (PGB) berhampiran Putra Heights, Selangor pada 1 April 2025, jam 8:10 pagi. Saluran paip yang terjejas telah diasingkan, dan semua pihak berkepentingan yang berkaitan telah dimaklumkan. Dalam kenyataan berasingan oleh PETRONAS Dagangan Berhad (PDB) turut [&#8230;]","Tue, 01 Apr 2025 06:30:00 +0000",https://sebenarnya.my/penjelasan-berkenaan-insiden-kebakaran-stesen-minyak-di-putra-heights/,Sebenarnya.my,0,420,56,False,True,False
Waspada Terhadap Larangan Aktiviti Penerbangan dan Pengendalian Dron Di Kawasan Kebakaran Saluran Paip Gas Putra Heights,"Menurut kenyataan Pihak Berkuasa Penerbangan Awam Malaysia (CAAM): Pihak Berkuasa Penerbangan Awam Malaysia (CAAM) menegaskan orang ramai agar tidak menerbangkan dron di kawasan berlakunya kebakaran saluran paip gas di Putra Heights, Puchong, Selangor. Larangan tersebut bertujuan untuk mengelakkan sebarang kejadian tidak dingini terutamanya membabitkan aspek keselamatan dan sekuriti orang ramai, serta pasukan penyelamat yang sedang [&#8230;]","Tue, 01 Apr 2025 03:23:00 +0000",https://sebenarnya.my/waspada-terhadap-larangan-aktiviti-penerbangan-dan-pengendalian-dron-di-kawasan-kebakaran-saluran-paip-gas-putra-heights/,Sebenarnya.my,0,445,56,False,True,False
Penjelasan Berhubung Pengambilalihan Konsesi Menara Kuala Lumpur,Menurut kenyataan Media Kementerian Komunikasi (KK): KK sedang meneliti perkembangan terkini susulan isu pengambilalihan konsesi Menara Kuala Lumpur yang dibuat menurut perjanjian konsesi yang telah ditandatangani oleh Kerajaan. Kementerian Komunikasi ingin menegaskan bahawa Menara Kuala Lumpur adalah milik kerajaan serta pengambilalihan konsesi hanya melibatkan perubahan pengurusan dan operasi yang telah dilaksanakan melalui notis pelawaan cadangan [&#8230;],"Mon, 31 Mar 2025 14:39:00 +0000",https://sebenarnya.my/penjelasan-berhubung-pengambilalihan-konsesi-menara-kuala-lumpur/,Sebenarnya.my,0,463,56,False,True,False
Waspada Sebaran Berita Palsu Mengenai Geran Digital Madani Bagi PMKS,"Menurut Malaysia Digital Economy Corporation (MDEC): MDEC ingin memaklumkan kepada orang ramai bahawa maklumat mengenai berita palsu yang sedang tular di internet berkaitan geran digital yang dipanggil MADANI, kononnya dibuka untuk menyokong PMKS. Berita ini adalah sepenuhnya palsu dan berniat jahat. Kerajaan serta MDEC tidak mempunyai sebarang kaitan dengan geran ini. Memandangkan kebimbangan yang semakin [&#8230;]","Fri, 28 Mar 2025 01:24:00 +0000",https://sebenarnya.my/waspada-sebaran-berita-palsu-mengenai-geran-digital-madani-bagi-pmks/,Sebenarnya.my,0,419,56,False,True,False
Waspada Akaun Facebook Palsu Yang Menggunakan Identiti KDPB Sultan Pahang,"Menurut Halaman Facebook Rasmi Istana Pahang (Kesultanan Pahang): Istana Pahang mengesan wujudnya akaun Facebook yang menggunakan nama Kebawah Duli Paduka Baginda Sultan Pahang, Al-Sultan Abdullah Ri’ayatuddin Al-Mustafa Billah Shah Ibni Almarhum Sultan Haji Ahmad Shah dikesan malah aktif membalas komen pengguna lain sehingga menimbulkan kekeliruan. Istana Pahang menegaskan bahawa Paduka Baginda tidak mempunyai sebarang akaun [&#8230;]","Thu, 27 Mar 2025 00:52:00 +0000",https://sebenarnya.my/waspada-akaun-facebook-palsu-yang-menggunakan-identiti-kdpb-sultan-pahang/,Sebenarnya.my,0,439,56,False,True,False
Makluman: 50% Diskaun Bayaran Tol Sempena Hari Raya Aidilfitri 2025,Menurut kenyataan media Kementerian Kerja Raya (KKR): Pemberian diskaun tol akan dilaksanakan bermula dari jam 12.01 tengah malam 28 Mac 2025 (Jumaat) dan akan berakhir pada jam 11.59 malam 29 Mac 2025 (Sabtu). Diskaun tol akan diberikan hanya kepada kenderaan persendirian Kelas 1 sahaja di semua plaza tol kecuali plaza tol di sempadan negara iaitu [&#8230;],"Wed, 26 Mar 2025 10:52:00 +0000",https://sebenarnya.my/makluman-50-diskaun-bayaran-tol-sempena-hari-raya-aidilfitri-2025/,Sebenarnya.my,0,360,56,False,True,False
Tiada Sekatan Visa Baharu Dikenakan Ke Atas Rakyat Malaysia,"SEBENARNYA: Menurut kenyataan Kementerian Luar Negeri (KLN): KLN ingin menjelaskan bahawa tiada sekatan visa baharu yang dikenakan ke atas warganegara Malaysia yang ingin melakukan perjalanan ke luar negara. Penjelasan ini dibuat susulan penularan sebuah video yang mengelirukan di sebuah platform perkongsian video, yang secara palsu mendakwa bahawa lapan buah negara telah memperkenalkan keperluan visa baharu [&#8230;]","Tue, 25 Mar 2025 10:50:00 +0000",https://sebenarnya.my/tiada-sekatan-visa-baharu-dikenakan-ke-atas-rakyat-malaysia/,Sebenarnya.my,0,421,56,False,True,False
Waspada Taktik Penipuan Yang Mempromosikan Produk Dengan Menggunakan Gambar Ketua Pengarah MARDI Tanpa Kebenaran,Menurut Institut Penyelidikan dan Kemajuan Pertanian Malaysia (MARDI): Pihak MARDI ingin memaklumkan bahawa pihak mereka tidak pernah mengeluarkan atau mempromosikan sebarang produk seperti yang dipaparkan. Gambar Ketua Pengarah MARDI juga telah digunakan secara salah dan tanpa kebenaran dari Pihak MARDI. Orang ramai diingatkan agar tidak membuat sebarang transaksi melalui halaman tersebut. SUMBER: Facebook Rasmi MARDI,"Sun, 23 Mar 2025 14:55:00 +0000",https://sebenarnya.my/waspada-taktik-penipuan-yang-mempromosikan-produk-dengan-menggunakan-gambar-ketua-pengarah-mardi-tanpa-kebenaran/,Sebenarnya.my,0,422,55,False,False,False
Makluman: Harga Runcit Produk Petroleum Bagi Tempoh 20 Mac Hingga 26 Mac 2025,"Menurut kenyataan media Kementerian Kewangan (MOF): Seiring dengan perubahan harga pasaran minyak, Kerajaan memutuskan untuk mengurangkan harga runcit diesel di Semenanjung Malaysia sebanyak 3 sen kepada RM3.03 seliter bagi tempoh 20 Mac 2025 hingga 26 Mac 2025. Kerajaan akan terus memantau perkembangan pasaran dan menyelaras harga runcit diesel dengan mengambil kira pergerakan harga pasaran minyak [&#8230;]","Wed, 19 Mar 2025 12:28:00 +0000",https://sebenarnya.my/makluman-harga-runcit-produk-petroleum-bagi-tempoh-20-mac-hingga-26-mac-2025/,Sebenarnya.my,0,411,56,False,True,False
"Waspada Luruan Monsun Yang Berpotensi Menyebabkan Hujan Berterusan Di Sarawak, Sabah, Labuan dan Timur Semenanjung Sehingga 23 Mac 2025","Menurut Jabatan Meteorologi Malaysia (MET): Analisis terhadap model-model ramalan cuaca terkini menunjukkan luruan monsun dijangka berterusan sehingga 23 Mac 2025. Keadaan ini berpotensi menyebabkan hujan berterusan di Sarawak, Sabah, W.P. Labuan dan timur Semenanjung serta angin kencang dan laut bergelora di Laut China Selatan dalam tempoh berkenaan. Sehubungan itu, MET Malaysia telah mengeluarkan Amaran Hujan [&#8230;]","Tue, 18 Mar 2025 04:23:00 +0000",https://sebenarnya.my/waspada-luruan-monsun-yang-berpotensi-menyebabkan-hujan-berterusan-di-sarawak-sabah-labuan-dan-timur-semenanjung-sehingga-23-mac-2025/,Sebenarnya.my,0,424,56,False,True,False
Waspada Taktik Penipuan Yang Menyamar Sebagai HASiL Dengan Meminta Bayaran Tunggakan Melalui SMS,Menurut Lembaga Hasil Dalam Negeri Malaysia (HASiL): Berhati-hati apabila menerima khidmat pesanan ringkas (SMS) yang bertindak seolah-olah dari HASiL. Apa anda perlu buat: SUMBER: Facebook Rasmi HaSiL X Rasmi HaSiL Instagram Rasmi HaSiL,"Mon, 17 Mar 2025 03:03:00 +0000",https://sebenarnya.my/waspada-taktik-penipuan-yang-menyamar-sebagai-hasil-dengan-meminta-bayaran-tunggakan-melalui-sms/,Sebenarnya.my,0,237,33,False,False,False
Waspada Taktik Penipuan Yang Menyalahgunakan Jata Negara Dan Logo CSM Melalui Notis Palsu,"Menurut CyberSecurity Malaysia (CSM): CSM memaklumkan bahawa terdapat penyebaran notis amaran palsu yang menggunakan Jata Negara, logo CyberSecurity Malaysia, CyberSAFE, Cyber999, dan CyberCSI. Notis ini mengandungi maklumat yang tidak benar dan bertujuan untuk menipu penerima. SUMBER: Facebook Rasmi CSM X Rasmi CSM Instagram Rasmi CSM","Fri, 14 Mar 2025 00:00:00 +0000",https://sebenarnya.my/waspada-taktik-penipuan-yang-menyalahgunakan-jata-negara-dan-logo-csm-melalui-notis-palsu/,Sebenarnya.my,0,337,45,False,True,False
Waspada Luruan Monsun Dijangka Memasuki Rantau Negara Bermula Pada 17 Sehingga 21 Mac 2025,"Menurut Malaysian Meteorological Department (MET): Analisis terhadap model-model ramalan cuaca terkini menunjukkan luruan monsun dijangka memasuki rantau Negara bermula pada 17 sehingga 21 Mac 2025. Keadaan ini berpotensi menyebabkan angin kencang dan laut bergelora di Laut China Selatan serta hujan berterusan di Sabah, Sarawak dan selatan Semenanjung dalam tempoh berkenaan. Sehubungan dengan itu, MET Malaysia [&#8230;]","Thu, 13 Mar 2025 05:01:00 +0000",https://sebenarnya.my/waspada-luruan-monsun-dijangka-memasuki-rantau-negara-bermula-pada-17-sehingga-21-mac-2025/,Sebenarnya.my,0,423,56,False,True,False
Waspada Modus Operandi Penipuan Yang Meminta Pembayaran Cukai SST Melalui Invois Palsu,Menurut Jabatan Kastam Diraja Malaysia (JKDM): JKDM menasihatkan orang ramai agar berhati-hati dan tidak terpedaya dengan kewujudan invois palsu yang meminta penerima membuat pembayaran Cukai Jualan dan Perkhidmatan (SST). SUMBER: Facebook Rasmi JKDM X Rasmi JKDM Instagram Rasmi,"Thu, 13 Mar 2025 03:35:00 +0000",https://sebenarnya.my/waspada-modus-operandi-penipuan-yang-meminta-pembayaran-cukai-sst-melalui-invois-palsu/,Sebenarnya.my,0,279,38,False,False,False
Waspada Taktik Penipuan Yang Menggunakan Nama MARA Dengan Menawarkan Perkhidmatan Semakan Promosi Akaun Pinjaman MARA Sempena Bulan Ramadan,"Menurut Majlis Amanah Rakyat (MARA): Susulan tersebarnya dakwaan tawaran semakan promosi akaun pinjaman MARA sempena bulan Ramadan menerusi platform WhatsApp, pihak MARA tidak pernah melantik pihak ketiga bagi mempromosi dan memproses sebarang kemudahan tersebut. SUMBER: Facebook Rasmi MARA X Rasmi MARA Instagram Rasmi MARA","Wed, 12 Mar 2025 08:06:00 +0000",https://sebenarnya.my/waspada-taktik-penipuan-yang-menggunakan-nama-mara-dengan-menawarkan-perkhidmatan-semakan-promosi-akaun-pinjaman-mara-sempena-bulan-ramadan/,Sebenarnya.my,0,325,44,False,False,False
Sebaran Maklumat Tular Mengenai Bantuan Wang Ihsan Adalah Tidak Tepat,SEBENARNYA: Menurut Agensi Pengurusan Bencana Negara (NADMA): Orang ramai dinasihatkan supaya tidak menyebarkan maklumat palsu mengenai Bantuan Wang Ihsan (BWI). Sebarang maklumat sahih mengenai Bantuan Wang Ihsan (BWI) boleh dirujuk melalui portal rasmi NADMA. SUMBER: Facebook Rasmi NADMA X Rasmi NADMA Instagram Rasmi NADMA Instagram Rasmi NADMA Instagram Rasmi NADMA,"Wed, 12 Mar 2025 03:02:00 +0000",https://sebenarnya.my/sebaran-maklumat-tular-mengenai-bantuan-wang-ihsan-adalah-tidak-tepat/,Sebenarnya.my,0,370,50,False,False,False
Waspada Luruan Angin Timuran Dijangka Berterusan Sehingga 12 Mac 2025,Menurut Jabatan Meteorologi Malaysia (MET): Analisis terhadap model-model ramalan cuaca terkini menunjukkan luruan angin timuran yang sedang berlaku dijangka berterusan sehingga 12 Mac 2025. Keadaan ini berpotensi menyebabkan hujan berterusan di pantai timur Semenanjung Malaysia. MET Malaysia sentiasa memantau keadaan cuaca dari semasa ke semasa dan akan mengeluarkan Amaran Hujan Berterusan sebaik sahaja output model-model [&#8230;],"Sun, 09 Mar 2025 04:37:00 +0000",https://sebenarnya.my/waspada-luruan-angin-timuran-dijangka-berterusan-sehingga-12-mac-2025/,Sebenarnya.my,0,436,56,False,True,False
"Sebaran Tular Pengeluaran Wang Simpanan KWSP Sebanyak RM10,000 Hingga RM50,000 Adalah Tidak Benar",SEBENARNYA: Menurut Kumpulan Wang Simpanan Pekerja (KWSP): Jangan mudah percaya dengan apa yang anda lihat dan baca. Pastikan anda sentiasa semak dan dapatkan maklumat yang sahih di laman web serta media sosial rasmi KWSP. SUMBER: Facebook Rasmi KWSP Instagram Rasmi KWSP X Rasmi KWSP,"Fri, 07 Mar 2025 07:00:00 +0000",https://sebenarnya.my/sebaran-tular-pengeluaran-wang-simpanan-kwsp-sebanyak-rm10000-hingga-rm50000-adalah-tidak-benar/,Sebenarnya.my,0,284,44,False,False,False
"Waspada Taktik Penipuan Yang Menggunakan Nama Kerabat Diraja Pahang Dengan Menawarkan Bantuan Ramadan Sebanyak RM1,000 Di Media Sosial",Menurut Halaman Facebook Rasmi Istana Pahang (Kesultanan Pahang): Orang ramai diminta tidak terpedaya dengan satu tawaran &#8216;Bantuan Ramadan&#8217; yang tersebar di aplikasi TikTok dengan menggunakan nama YAM Tengku Puteri Raja Tengku Puteri Afzan Aminah Hafidzatullah. Penyamar yang menggunakan nama @tpafzanaminahafidzatul di aplikasi berkenaan memaklumkan bahawa bantuan Ramadan bernilai RM1000 akan dikurniakan oleh Kebawah Duli Paduka [&#8230;],"Thu, 06 Mar 2025 07:51:00 +0000",https://sebenarnya.my/waspada-taktik-penipuan-yang-menggunakan-nama-kerabat-diraja-pahang-dengan-menawarkan-bantuan-ramadan-sebanyak-rm1000-di-media-sosial/,Sebenarnya.my,0,453,56,False,True,False
Waspada Luruan Angin Timuran Dijangka Memasuki Rantau Negara Pada 7 Hingga 11 Mac 2025,"Menurut Jabatan Meteorologi Malaysia (MET): Analisis terhadap model-model ramalan cuaca terkini menunjukkan luruan angin timuran dijangka memasuki rantau negara pada 7 hingga 11 Mac 2025. Keadaan ini berpotensi menyebabkan hujan berterusan di Sabah dan Sarawak serta timur dan utara Semenanjung dalam tempoh berkenaan. Sehubungan itu, MET Malaysia telah mengeluarkan Amaran Hujan Berterusan (Waspada) yang melibatkan [&#8230;]","Thu, 06 Mar 2025 06:03:00 +0000",https://sebenarnya.my/waspada-luruan-angin-timuran-dijangka-memasuki-rantau-negara-pada-7-hingga-11-mac-2025/,Sebenarnya.my,0,426,56,False,True,False
Kerajaan Arab Saudi Mewajibkan Pengambilan Vaksin COVID-19 Kepada Bakal Jemaah Haji Berumur 65 Tahun Ke Atas Yang Menghidapi Penyakit Kronik,Menurut Tabung Haji (TH): TH akan mempertimbangkan untuk mengambil tindakan undang-undang terhadap sebaran maklumat melalui WhatsApp mengenai bahaya pengambilan vaksin bagi bakal jemaah haji. Hantaran tersebut adalah tidak bertanggungjawab. Pengambilan vaksin COVID-19 bagi bakal jemaah haji berumur 65 tahun ke atas yang mempunyai penyakit kronik atau sistem imun rendah adalah diwajibkan oleh Kerajaan Arab Saudi [&#8230;],"Wed, 05 Mar 2025 12:27:00 +0000",https://sebenarnya.my/kerajaan-arab-saudi-mewajibkan-pengambilan-vaksin-covid-19-kepada-bakal-jemaah-haji-berumur-65-tahun-ke-atas-yang-menghidapi-penyakit-kronik/,Sebenarnya.my,0,424,56,False,True,False
Makluman: Harga Runcit Produk Petroleum Bagi Tempoh 6 Mac Hingga 12 Mac 2025,"Menurut kenyataan media Kementerian Kewangan (MOF): Seiring dengan perubahan harga pasaran minyak, Kerajaan memutuskan untuk mengurangkan harga runcit RON97 sebanyak 5 sen kepada RM3.38 seliter dan harga runcit diesel di Semenanjung Malaysia sebanyak 5 sen kepada RM3.13 seliter bagi tempoh 6 Mac 2025 hingga 12 Mac 2025. Kerajaan akan terus memantau perkembangan pasaran dan menyelaras [&#8230;]","Wed, 05 Mar 2025 09:01:00 +0000",https://sebenarnya.my/makluman-harga-runcit-produk-petroleum-bagi-tempoh-6-mac-hingga-12-mac-2025/,Sebenarnya.my,0,396,56,False,True,False
Waspada Taktik Penipuan Yang Menyamar Sebagai Pegawai Kanan BNM Melalui Medium Surat Atau Permesejan,Menurut Bank Negara Malaysia (BNM): Orang ramai dinasihatkan jangan terpedaya dengan mesej atau surat yang dihantar oleh individu yang berpura-pura menjadi pegawai kanan Bank Negara Malaysia. SUMBER: Facebook Rasmi Amaran Scam Facebook Rasmi BNM X Rasmi BNM Instagram Rasmi BNM,"Tue, 04 Mar 2025 09:09:00 +0000",https://sebenarnya.my/waspada-taktik-penipuan-yang-menyamar-sebagai-pegawai-kanan-bnm-melalui-medium-surat-atau-permesejan/,Sebenarnya.my,0,277,40,False,False,False
Waspada SMS Yang Mengandungi Pautan Pancing Data Berkaitan Lesen Memandu Daripada MyJPJ,Menurut kenyataan media Jabatan Pengangkutan Jalan (JPJ) Malaysia: JPJ telah menerima aduan daripada orang awam berhubung Khidmat Pesanan Ringkas (SMS) yang mengandungi pautan berkaitan lesen memandu. Pihak JPJ ingin menjelaskan bahawa Jabatan ini tidak pernah menghantar mana-mana pautan berkaitan urusan lesen memandu melalui SMS kepada orang awam. Jabatan ini juga telah mengenalpasti bahawa SMS yang [&#8230;],"Tue, 04 Mar 2025 05:06:00 +0000",https://sebenarnya.my/waspada-sms-yang-mengandungi-pautan-pancing-data-berkaitan-lesen-memandu-daripada-myjpj/,Sebenarnya.my,0,413,56,False,True,False
Makluman: Harga Runcit Produk Petroleum Bagi Tempoh 27 Februari 2025 Hingga 05 Mac 2025,"Menurut kenyataan media Kementerian Kewangan (MOF): Berdasarkan penetapan harga runcit produk petroleum secara mingguan menggunakan formula Automatic Pricing Mechanism, harga runcit produk petroleum bagi tempoh 27 Februari 2025 hingga 5 Mac 2025 adalah ditetapkan seperti berikut: i. Harga runcit petrol RON97 kekal pada paras RM3.43 seliter;ii. Harga runcit petrol RON95 kekal pada paras RM2.05 seliter;iii. [&#8230;]","Wed, 26 Feb 2025 09:00:00 +0000",https://sebenarnya.my/makluman-harga-runcit-produk-petroleum-bagi-tempoh-27-februari-2025-hingga-05-mac-2025/,Sebenarnya.my,0,418,56,False,True,False
Waspada Taktik Penipuan Yang Menyamar Sebagai Pekerja atau Kontraktor TNB,"Menurut Tenaga Nasional Berhad (TNB): TNB menasihatkan orang ramai supaya berhati-hati terhadap sindiket penipuan yang menyamar sebagai pekerja atau kontraktor TNB. Dengan kenaikan kes-kes penipuan yang menyamar sebagai pekerja atau kontraktor TNB, TNB menyarankan anda untuk kekal berwaspada. Kenali tanda-tanda amaran seperti yang ditunjukkan di dalam infografik ini. Kenal Pasti Tanda-Tanda Amaran Ini: Lindungi Diri [&#8230;]","Tue, 25 Feb 2025 04:08:00 +0000",https://sebenarnya.my/waspada-taktik-penipuan-yang-menyamar-sebagai-pekerja-atau-kontraktor-tnb/,Sebenarnya.my,0,429,56,False,True,False
Waspada Kehadiran Seekor Buaya Di Pantai Purnama,"Menurut Pengarah PERHILITAN Negeri Sembilan: PERHILITAN Negeri Sembilan menerima laporan kehadiran seekor buaya di Pantai Purnama, dekat sini dipercayai reptilia sama yang muncul di Pantai Cermin sebelum ini. Beliau memaklumkan bahawa pihaknya menerima laporan itu daripada Majlis Perbandaran Port Dickson sebelum menghantar pasukan bagi melakukan pemantauan. Orang ramai dinasihati supaya berhati-hati serta menjaga keselamatan diri [&#8230;]","Mon, 24 Feb 2025 09:33:00 +0000",https://sebenarnya.my/waspada-kehadiran-seekor-buaya-di-pantai-purnama/,Sebenarnya.my,0,443,56,False,True,False
Waspada Terhadap Akaun Palsu Yang Menyamar Sebagai KDYMM SPB Yang di-Pertuan Agong Sultan Ibrahim,"Menurut Pejabat Media dan Komunikasi Keluarga Diraja Johor (Royal Press Office): Royal Press Office ingin menegaskan bahawa terdapat akaun media sosial palsu yang menyamar sebagai KDYMM SPB Yang di-Pertuan Agong Sultan Ibrahim serta menggunakan gambar Keluarga Diraja Johor tanpa kebenaran. Sehubungan itu, orang ramai dinasihatkan agar berwaspada dan tidak mudah terpengaruh dengan akaun-akaun palsu ini [&#8230;]","Sun, 23 Feb 2025 05:53:00 +0000",https://sebenarnya.my/waspada-terhadap-akaun-palsu-yang-menyamar-sebagai-kdymm-spb-yang-di-pertuan-agong-sultan-ibrahim/,Sebenarnya.my,0,414,56,False,True,False
TNB Sahkan Individu Yang Didakwa Mencuri Kabel Bukan Kakitangan TNB,Menurut Tenaga Nasional Berhad (TNB): TNB mengambil maklum mengenai satu video tular yang menunjukkan seorang individu memakai jaket berlogo TNB yang didakwa terlibat dalam cubaan mencuri kabel. TNB ingin menegaskan bahawa individu tersebut bukan kakitangan TNB. SUMBER: Facebook Rasmi TNB,"Sat, 22 Feb 2025 10:43:00 +0000",https://sebenarnya.my/tnb-sahkan-individu-yang-didakwa-mencuri-kabel-bukan-kakitangan-tnb/,Sebenarnya.my,0,289,40,False,False,False
Penjualan Produk Gula-Gula Kenyal Berbentuk Mata Dilarang Di Semua Platform Dalam Talian dan Pasaran Domestik,"Menurut kenyataan media Kementerian Kesihatan Malaysia (KKM): KKM melalui Program Keselamatan dan Kualiti Makanan (PKKM) ingin memaklumkan bahawa saiz atau bentuk sesuatu makanan adalah tidak dikawal di bawah Peraturan-Peraturan Makanan (PPM) 1985, Akta Makanan 1983 kecuali bagi &#8220;konfeksi jeli terkawal&#8221; dengan saiz dan bentuk yang berdiameter kurang atau sama dengan 45 milimeter hendaklah dilabel dengan [&#8230;]","Fri, 21 Feb 2025 11:41:00 +0000",https://sebenarnya.my/penjualan-produk-gula-gula-kenyal-berbentuk-mata-dilarang-di-semua-platform-dalam-talian-dan-pasaran-domestik/,Sebenarnya.my,0,428,56,False,True,False
"Waspada Luruan Monsun Dijangka Memasuki Rantau Negara Bermula Pada 22 Hingga 25 Februari 2025 Yang Melibatkan Negeri Kelantan, Terengganu, Perak dan Kedah","Menurut Malaysian Meteorological Department (MET): Analisis terhadap model-model ramalan cuaca terkini menunjukkan luruan monsun dijangka memasuki rantau Negara bermula pada 22 hingga 25 Februari 2025. Keadaan ini berpotensi menyebabkan hujan berterusan di Kelantan, Terengganu serta pedalaman Perak dan Kedah dalam tempoh berkenaan. SUMBER: Facebook Rasmi MET X Rasmi MET Instagram Rasmi MET","Thu, 20 Feb 2025 04:57:00 +0000",https://sebenarnya.my/waspada-luruan-monsun-dijangka-memasuki-rantau-negara-bermula-pada-22-hingga-25-februari-2025-yang-melibatkan-negeri-kelantan-terengganu-perak-dan-kedah/,Sebenarnya.my,0,392,52,False,True,False
"Penjelasan Berhubung Penamatan 30,000 Pekerja Kontrak","Menurut kenyataan media Jabatan Perkhidmatan Awam (JPA): Kenyataan media yang dikeluarkan oleh CUEPACS bertarikh 12 Februari 2025 mengenai kebimbangan penamatan kontrak 30,000 kakitangan yang tidak memiliki Sijil Pelajaran Malaysia (SPM), perlu dijelaskan bahawa kenyataan tersebut adalah tidak tepat. Berdasarkan rekod JPA, kelulusan Contract of Service (CoS) di bawah peruntukan OS29000 untuk tahun 2024 bagi kakitangan [&#8230;]","Tue, 18 Feb 2025 04:08:00 +0000",https://sebenarnya.my/penjelasan-berhubung-penamatan-30000-pekerja-kontrak/,Sebenarnya.my,0,431,56,False,True,False
Waspada Taktik Sindiket Penipuan Yang Menawarkan Peluang Kerjasama Dalam Pelbagai Bentuk Tawaran dan Platform Dengan Menyalahgunakan Nama Pegawai Kanan BNM,"Menurut Bank Negara Malaysia (BNM): Orang ramai dinasihatkan jangan terpedaya dengan surat, aplikasi, hantaran media sosial, panggilan telefon, mesej atau video yang menyalahgunakan nama pegawai kanan BNM. BNM tidak memberikan apa-apa sokongan atau jaminan kewangan kepada mana-mana perniagaan. SUMBER: Facebook Rasmi BNM X Rasmi BNM Instagram BNM","Mon, 17 Feb 2025 10:41:00 +0000",https://sebenarnya.my/waspada-taktik-sindiket-penipuan-yang-menawarkan-peluang-kerjasama-dalam-pelbagai-bentuk-tawaran-dan-platform-dengan-menyalahgunakan-nama-pegawai-kanan-bnm/,Sebenarnya.my,0,347,47,False,False,False
Jabatan Kimia Sahkan Tiada DNA Khinzir Dalam Sampel Sandwic Ham and Cheese,"Menurut Menteri Perdagangan Dalam Negeri dan Kos Sara Hidup (KPDN): Jabatan Kimia telah mengesahkan bahawa tiada unsur asid deoksiribonukleik (DNA) khinzir dalam semua sampel setiap perisa sandwich yang didapati menyalah guna logo halal. Sehubungan itu, beliau berharap rakyat memahami bahawa pendakwaan siasatan telah dilakukan dengan telus dan ia telah dirujuk kepada pihak yang berautoriti. Beliau [&#8230;]","Sun, 16 Feb 2025 11:30:00 +0000",https://sebenarnya.my/jabatan-kimia-sahkan-tiada-dna-khinzir-dalam-sampel-sandwic-ham-and-cheese/,Sebenarnya.my,0,410,56,False,True,False
Waspada Tawaran Pembiayaan Perniagaan Yang Menggunakan Nama MARA Di Platform Media Sosial,"Menurut Majlis Amanah Rakyat (MARA): Susulan tersebarnya dakwaan tawaran pembiayaan perniagaan di media sosial yang membabitkan nama MARA, pihak kami tidak pernah melantik pihak ketiga bagi mempromosi dan memproses sebarang kemudahan pembiayaan perniagaan MARA. Artikel terdahulu 17 April 2019 SUMBER: Facebook Rasmi MARA X Rasmi MARA Instagram Rasmi MARA","Sun, 16 Feb 2025 07:34:00 +0000",https://sebenarnya.my/waspada-tawaran-pembiayaan-perniagaan-yang-menggunakan-nama-mara-di-platform-media-sosial/,Sebenarnya.my,0,355,49,False,True,False
Waspada Serangan Hasad SparkCat Melalui Aplikasi di Platform Google Play dan Apple App Store,"Menurut CyberSecurity Malaysia (CSM): CSM melalui perkhidmatan Cyber999 telah mengesan ancaman siber baharu, ‘SparkCat’, yang dikenal pasti oleh Kaspersky. Malware ini menyusup ke Google Play Store dan Apple App Store, berisiko mencuri maklumat sensitif pengguna di Malaysia menggunakan teknologi Optical Character Recognition (OCR) untuk mencuri maklumat sensitif pengguna. SparkCat berupaya mengatasi langkah keselamatan aplikasi, meningkatkan [&#8230;]","Sun, 16 Feb 2025 06:06:00 +0000",https://sebenarnya.my/waspada-serangan-hasad-sparkcat-melalui-aplikasi-di-platform-google-play-dan-apple-app-store/,Sebenarnya.my,0,455,56,False,True,False
Waspada Taktik Penipuan Yang Menyamar Sebagai Wakil Dari NACSA dan Meminta Maklumat Peribadi Melalui Aplikasi WhatsApp,Menurut kenyataan Agensi Keselamatan Siber Negara (NACSA): NACSA memaklumkan bahawa terdapat taktik penipuan yang sedang berleluasa di mana individu tidak bertanggungjawab menggunakan aplikasi WhatsApp untuk memperdaya orang awam. Individu tersebut akan menyamarkan diri sebagai wakil dari agensi untuk mendapatkan maklumat peribadi dan kewangan anda. NACSA tidak akan berkomunikasi dengan orang awam melalui aplikasi WhatsApp dan [&#8230;],"Thu, 13 Feb 2025 00:57:00 +0000",https://sebenarnya.my/waspada-taktik-penipuan-yang-menyamar-sebagai-wakil-dari-nacsa-dan-meminta-maklumat-peribadi-melalui-aplikasi-whatsapp/,Sebenarnya.my,0,440,56,False,True,False
Waspada Penumpuan Angin Dijangka Berlaku Di Sarawak Pada 17 Sehingga 19 Februari 2025,"Menurut Jabatan Meteorologi Malaysia (MET): Berdasarkan analisis model-model cuaca, penumpuan angin dijangka berlaku di Sarawak pada 17 sehingga 19 Februari 2025. Keadaan ini berpotensi menghasilkan ribut petir berserta hujan lebat dan angin kencang dalam tempoh yang lebih panjang di kawasan tersebut. MET Malaysia turut menjangkakan cuaca kering dan panas dengan suhu melebihi 35°C di kebanyakan [&#8230;]","Wed, 12 Feb 2025 04:33:00 +0000",https://sebenarnya.my/waspada-penumpuan-angin-dijangka-berlaku-di-sarawak-pada-17-sehingga-19-februari-2025/,Sebenarnya.my,0,407,56,False,True,False
Makluman: Cuaca Panas Dan Kering Pada Penghujung Monsun Timur Laut,"Menurut kenyataan Jabatan Meteorologi Malaysia (MET): Negara kini berada pada fasa penghujung Monsun Timur Laut yang dijangka berakhir pada pertengahan Mac 2025. Dalam tempoh ini, litupan awan dan taburan hujan akan berkurangan di kebanyakan tempat, terutamanya di kawasan utara Semenanjung termasuk Perak, Pahang dan Kelantan. Ketiadaan hujan dalam tempoh yang panjang boleh menyebabkan cuaca lebih [&#8230;]","Wed, 12 Feb 2025 04:17:00 +0000",https://sebenarnya.my/makluman-cuaca-panas-dan-kering-pada-penghujung-monsun-timur-laut/,Sebenarnya.my,0,409,56,False,True,False
Waspada Sebarang Penjualan Produk Komersil Yang Menyalahgunakan Logo JPN Tanpa Kebenaran,"Menurut Jabatan Pendaftaran Negara (JPN): JPN tidak pernah mengeluarkan sebarang kebenaran kepada mana-mana individu, syarikat, atau organisasi untuk menggunakan logo rasmi jabatan tanpa kelulusan bertulis. Sebarang penggunaan logo tanpa kebenaran adalah tidak dibenarkan dan boleh menimbulkan kekeliruan kepada orang awam. Selain itu, JPN tidak terlibat dalam sebarang bentuk barang dagangan, termasuk promosi atau penjualan produk [&#8230;]","Mon, 10 Feb 2025 07:07:00 +0000",https://sebenarnya.my/waspada-sebarang-penjualan-produk-komersil-yang-menyalahgunakan-logo-jpn-tanpa-kebenaran/,Sebenarnya.my,0,442,56,False,True,False
Waspada Panggilan Palsu Yang Menyamar Dengan Menggunakan Nama Biro Pengaduan Awam,Menurut Biro Pengaduan Awam (BPA): Terdapat panggilan telefon yang mengaku daripada BPA. Jangan mudah terpedaya! BPA tidak akan meminta maklumat peribadi anda melalui telefon. Orang ramai diminta berwaspada dengan panggilan telefon daripada individu yang menggunakan nama BPA. SUMBER: Facebook Rasmi BPA Instagram BPA,"Mon, 10 Feb 2025 05:14:00 +0000",https://sebenarnya.my/waspada-panggilan-palsu-yang-menyamar-dengan-menggunakan-nama-biro-pengaduan-awam/,Sebenarnya.my,0,317,43,False,False,False
Waspada Taktik Penipuan Yang Meminta Bayaran Pendahuluan Bagi Projek Pembinaan Menara Komunikasi di Sabah,"Menurut Suruhanjaya Komunikasi dan Multimedia Malaysia (MCMC): MCMC telah menerima aduan melibatkan bayaran pendahuluan kepada pihak yang meragukan untuk jaminan bagi mendapatkan projek pembinaan menara komunikasi di Sabah. Situasi ini membuka ruang kepada pihak tidak bertanggungjawab untuk mengambil kesempatan dan seterusnya menyebabkan risiko kerugian kewangan kepada mangsa-mangsa yang terlibat. Sehubungan dengan itu, MCMC ingin mengingatkan [&#8230;]","Fri, 07 Feb 2025 00:20:00 +0000",https://sebenarnya.my/waspada-taktik-penipuan-yang-meminta-bayaran-pendahuluan-bagi-projek-pembinaan-menara-komunikasi-di-sabah/,Sebenarnya.my,0,457,56,False,True,False
"Waspada Akaun Palsu Yang Menyalahgunakan Identiti KDYMM SPB Raja Permaisuri Agong, Raja Zarith Sofiah","Menurut Seri Paduka Baginda (SPB) Yang Di-Pertuan Agong (YDPA), Sultan Ibrahim: Akaun ini adalah palsu dan menyamar menggunakan identiti KDYMM SPB Raja Permaisuri Agong. Facebook Rasmi SPB YDPA Instagram Rasmi SPB YDPA","Thu, 06 Feb 2025 03:39:00 +0000",https://sebenarnya.my/waspada-akaun-palsu-yang-menyalahgunakan-identiti-kdymm-spb-raja-permaisuri-agong-raja-zarith-sofiah/,Sebenarnya.my,0,218,32,False,False,False
Waspada Modus Operandi Penipuan Yang Menyalahgunakan Nama Dan Logo KWSP Dengan Meminta Yuran Pengesahan Untuk Proses Permohonan Pengeluaran Dana,Menurut Kumpulan Wang Simpanan Pekerja (KWSP): Hati-hati dengan aktiviti penipuan (scam) yang menyalahgunakan identiti KWSP. SUMBER: Facebook Rasmi KWSP X Rasmi KWSP Instagram Rasmi KWSP,"Thu, 06 Feb 2025 03:05:00 +0000",https://sebenarnya.my/waspada-modus-operandi-penipuan-yang-menyalahgunakan-nama-dan-logo-kwsp-dengan-meminta-yuran-pengesahan-untuk-proses-permohonan-pengeluaran-dana/,Sebenarnya.my,0,186,25,False,False,False
Waspada Taktik Penipuan Yang Menawarkan Servis Diskaun Bil Elektrik,"Menurut Tenaga Nasional Berhad (TNB): TNB menyarankan orang ramai untuk kekal berhati-hati dengan taktik penipuan ini yang berleluasa di media sosial. Pastikan anda mengenal pasti tanda-tanda amaran seperti dibawah: Penipu akan cuba menghubungi anda melalui media sosial, panggilan telefon, e-mel atau secara bersemuka untuk: SUMBER: Facebook Rasmi TNB X Rasmi TNB","Thu, 06 Feb 2025 03:00:00 +0000",https://sebenarnya.my/waspada-taktik-penipuan-yang-menawarkan-servis-diskaun-bil-elektrik/,Sebenarnya.my,0,364,51,False,False,False
Waspada Produk-Produk Kosmetik Yang Mengandungi Racun Berjadual,"Menurut kenyataan media Kementerian Kesihatan Malaysia(KKM): KKM ingin menggesa orang awam untuk mengelak daripada membeli dan menggunakan produk kosmetik berikut kerana dikesan mengandungi racun berjadual seperti di bawah: Susulan daripada itu, notifikasi produk-produk kosmetik terlibat telah dibatalkan oleh Pengarah Perkhidmatan Farmasi, KKM dan tidak lagi dibenarkan untuk dijual di Malaysia. Orang awam yang sedang menggunakan [&#8230;]","Wed, 05 Feb 2025 10:33:00 +0000",https://sebenarnya.my/waspada-produk-produk-kosmetik-yang-mengandungi-racun-berjadual-3/,Sebenarnya.my,0,442,56,False,True,False
Makluman: Harga Runcit Produk Petroleum Bagi Tempoh 6 Februari 2025 Hingga 12 Februari 2025,"Menurut kenyataan media Kementerian Kewangan (MOF): Berdasarkan penetapan harga runcit produk petroleum secara mingguan menggunakan formula Automatic Pricing Mechanism, harga runcit produk petroleum bagi tempoh 6 Februari 2025 hingga 12 Februari 2025 adalah ditetapkan seperti berikut: i. Harga runcit petrol RON97 kekal pada paras RM3.43 seliter;ii. Harga runcit petrol RON95 kekal pada paras RM2.05 seliter;iii. [&#8230;]","Wed, 05 Feb 2025 09:27:00 +0000",https://sebenarnya.my/makluman-harga-runcit-produk-petroleum-bagi-tempoh-6-februari-2025-hingga-12-februari-2025/,Sebenarnya.my,0,423,56,False,True,False
Waspada Luruan Monsun Dijangka Berterusan Di Sabah Dan Sarawak Sehingga 9 Februari 2025,"Menurut Jabatan Meteorologi Malaysia (MET): Analisis terhadap model-model ramalan cuaca terkini menunjukkan luruan monsun yang sedang berlaku dijangka berterusan sehingga 9 Februari 2025. Keadaan ini berpotensi menyebabkan hujan lebat dan berterusan di Sabah dan Sarawak. Sehubungan itu, MET Malaysia telah mengemas kini Amaran Hujan Berterusan (Buruk &#38; Waspada) melibatkan Sabah dan Sarawak berkuat kuasa sehingga [&#8230;]","Wed, 05 Feb 2025 06:08:00 +0000",https://sebenarnya.my/waspada-luruan-monsun-dijangka-berterusan-di-sabah-dan-sarawak-sehingga-9-februari-2025/,Sebenarnya.my,0,428,56,False,True,False
"Makluman: Sesi Libat Urus Antara ST, Pemain Industri & Komuniti Perniagaan Akan Dijalankan Bagi Tujuan Perincian Jadual Tarif Elektrik",Menurut kenyataan media Suruhanjaya Tenaga (ST): ST merujuk kepada kenyataan YAB Perdana Menteri kepada Gabungan Dewan Perniagaan dan Perindustrian Cina Malaysia (ACCCIM) dan akan menyegerakan sesi libat urus bersama pemain industri dan komuniti peniagaan bagi mendapatkan maklum balas dan pandangan berkaitan jadual tarif elektrik ini. Sesi libat urus ini bertujuan memperincikan lebih lanjut berkenaan proses [&#8230;],"Tue, 04 Feb 2025 10:34:00 +0000",https://sebenarnya.my/makluman-sesi-libat-urus-antara-st-pemain-industri-komuniti-perniagaan-akan-dijalankan-bagi-tujuan-perincian-jadual-tarif-elektrik/,Sebenarnya.my,0,420,56,False,True,False
Waspada Luruan Monsun Dijangka Berlaku 4 Sehingga 7 Februari 2025 Yang Melibatkan Negeri Sabah Dan Sarawak,"Menurut Jabatan Meteorologi Malaysia (MET): Analisis terhadap model-model ramalan cuaca terkini menunjukkan luruan monsun dijangka berlaku pada 4 sehingga 7 Februari 2025. Keadaan ini berpotensi menyebabkan hujan lebat dan berterusan di Sabah dan Sarawak. Sehubungan itu, Amaran Angin Kencang dan Laut Bergelora bagi perairan Laut China Selatan telah dikeluarkan dan berkuat kuasa pada 4 sehingga [&#8230;]","Sat, 01 Feb 2025 06:39:00 +0000",https://sebenarnya.my/waspada-luruan-monsun-dijangka-berlaku-4-sehingga-7-februari-2025-yang-melibatkan-negeri-sabah-dan-sarawak/,Sebenarnya.my,0,406,56,False,True,False
Waspada Luruan Monsun Dijangka Berterusan Di Sarawak Sehingga 1 Februari 2025,"Menurut Jabatan Meteorologi Malaysia (MET): Analisis terhadap model-model ramalan cuaca terkini menunjukkan luruan monsun yang sedang berlaku dijangka berterusan sehingga 1 Februari 2025. Keadaan ini berpotensi menyebabkan hujan lebat dan berterusan di Sarawak. Sehubungan itu, MET Malaysia telah mengemaskini Amaran Hujan Berterusan (Waspada) melibatkan negeri Sarawak berkuat kuasa sehingga 1 Februari 2025. Manakala, Amaran Angin [&#8230;]","Fri, 31 Jan 2025 07:07:00 +0000",https://sebenarnya.my/waspada-luruan-monsun-dijangka-berterusan-di-sarawak-sehingga-1-februari-2025/,Sebenarnya.my,0,442,56,False,True,False
Makluman: Harga Runcit Produk Petroleum Bagi Tempoh 30 Januari 2025 Hingga 5 Februari 2025,Menurut kenyataan media Kementerian Kewangan (MOF): Kerajaan menetapkan harga runcit diesel di Semenanjung Malaysia pada RM3.18 seliter. Harga tersebut masih kekal rendah berbanding harga diesel yang diapungkan pada 10 Jun 2024 iaitu RM3.35 seliter mahupun harga diesel di pasaran dunia kini. Kerajaan akan terus memantau perkembangan pasaran dan menyelaras harga runcit diesel dengan mengambil kira [&#8230;],"Wed, 29 Jan 2025 09:16:00 +0000",https://sebenarnya.my/makluman-harga-runcit-produk-petroleum-bagi-tempoh-30-januari-2025-hingga-5-februari-2025/,Sebenarnya.my,0,409,56,False,True,False
Penjelasan Berkaitan Status Halal Produk Keluaran Mixue Malaysia,"Menurut Bahagian Hab Halal, (JAKIM): JAKIM melalui Bahagian Hab Halal telah berkongsi penjelasan daripada Mixue Malaysia berkenaan isu plastik sampah yang digunakan di cawangan mereka. Menurut kenyataan tersebut, plastik sampah yang dibeli melalui platform dalam talian bagi kegunaan cawangan Mixue didapati mempunyai label tulisan yang tidak sesuai, yang boleh menimbulkan keraguan walaupun ia hanya digunakan [&#8230;]","Tue, 28 Jan 2025 02:17:00 +0000",https://sebenarnya.my/penjelasan-berkaitan-status-halal-produk-keluaran-mixue-malaysia/,Sebenarnya.my,0,420,56,False,True,False
Makluman: Kerajaan Umum Diskaun Tol 50% Sempena Tahun Baharu Cina,Menurut kenyataan media Kementerian Kerja Raya (KKR): Kerajaan Madani dalam Mesyuarat Kabinet hari ini telah bersetuju untuk memberikan potongan tol 50% dari kadar tol biasa sempena Perayaan Tahun Baru Cina 2025. Implikasi kewangan yang ditanggung Kerajaan bagi membayar balik pampasan kepada Syarikat Konsesi Tol yang terlibat dianggarkan berjumlah RM20.08juta. Pemberian ini merupakan kesinambungan kepada bantuan [&#8230;],"Sun, 26 Jan 2025 13:50:00 +0000",https://sebenarnya.my/makluman-kerajaan-umum-diskaun-tol-50-sempena-tahun-baharu-cina/,Sebenarnya.my,0,425,56,False,True,False
Waspada Iklan Perkhidmatan Lesen Memandu Tanpa Ujian Yang Menggunakan Nama Dan Logo JPJ,Menurut Jabatan Pengangkutan Jalan Malaysia (JPJ): Jangan terpedaya dengan iklan lesen memandu tanpa ujian!! JPJ mendapati terdapat beberapa akaun media sosial mengenai iklan lesen memandu yang tidak mengikut syarat-syarat ditetapkan serta tidak sah di sisi undang-undang. Modus Operandi : Artikel terdahulu : SUMBER: Facebook Rasmi JPJ Facebook Rasmi JPJ Facebook Rasmi JPJ Instagram Rasmi JPJ [&#8230;],"Sun, 26 Jan 2025 08:03:00 +0000",https://sebenarnya.my/waspada-iklan-perkhidmatan-lesen-memandu-tanpa-ujian-yang-menggunakan-nama-dan-logo-jpj/,Sebenarnya.my,0,404,56,False,True,False
KKM Pantau Limau Mandarin Yang Diimport Sempena Musim Perayaan,"Menurut Kementerian Kesihatan Malaysia (KKM): KKM melaksanakan pemantauan khas ke atas limau mandarin yang diimport sempena musim perayaan di kesemua 70 pintu masuk negara bermula November lepas. Hal itu bagi memastikan limau mandarin yang memasuki negara mematuhi standard ditetapkan di bawah Peraturan-Peraturan Makanan (PPM 1985) Akta Makanan 1983. KKM memaklumkan China, Afrika Selatan, Jepun, Australia [&#8230;]","Fri, 24 Jan 2025 11:53:00 +0000",https://sebenarnya.my/kkm-pantau-limau-mandarin-yang-diimport-sempena-musim-perayaan/,Sebenarnya.my,0,417,56,False,True,False
